,amount_total,non_zero_counts,dormancy_years
0.01,1030.7642,1.0,-1.0
0.05,6525.146000000001,1.0,0.0
0.1,11997.893,1.0,0.0
0.2,23742.266,1.0,1.0
0.3,33886.88699999999,1.0,1.0
0.4,43912.846,1.0,2.0
0.5,54132.86,1.0,3.0
0.6,64034.786,1.0,3.0
0.7,74500.821,1.0,4.0
0.8,84104.906,1.0,5.0
0.9,95887.91,1.0,5.0
0.95,100896.4895,2.0,6.0
0.99,178061.05999999985,3.0,6.0
1.0,248506.51,4.0,6.0
